row_id,target
0,0
1,1
2,1
3,1
4,1
5,0
6,1
7,1
8,1
9,1
10,1
11,0
12,0
13,0
14,0
15,0
16,0
17,1
18,1
19,1
20,1
21,0
22,0
23,0
24,0
25,0
26,1
27,1
28,0
29,0
30,1
31,1
32,0
33,0
34,1
35,0
36,0
37,0
38,0
39,0
40,1
41,1
42,1
43,1
44,0
45,1
46,1
47,0
48,0
49,1
50,1
51,1
52,1
53,1
54,1
55,1
56,1
57,0
58,1
59,0
60,1
61,1
62,0
63,0
64,0
65,1
66,1
67,1
68,0
69,0
70,0
71,0
72,0
73,1
74,1
75,1
76,0
77,0
78,0
79,0
80,1
81,1
82,1
83,0
84,1
85,1
86,1
87,0
88,1
89,1
90,0
91,1
92,0
93,0
94,0
95,0
96,0
97,1
98,1
99,1
100,0
101,0
102,0
103,0
104,1
105,0
106,0
107,0
108,0
109,1
110,1
111,0
112,0
113,1
114,0
115,0
116,1
117,1
118,1
119,0
120,1
121,0
122,0
123,1
124,0
125,1
126,1
127,1
128,0
129,1
130,0
131,1
132,1
133,0
134,1
135,0
136,0
137,1
138,1
139,1
140,0
141,0
142,0
143,0
144,0
145,0
146,0
147,0
148,0
149,0
150,0
151,0
152,1
153,1
154,1
155,1
156,0
157,1
158,1
159,0
160,1
161,0
162,1
163,1
164,0
165,0
166,1
167,0
168,0
169,1
170,1
171,0
172,1
173,0
174,0
175,1
176,1
177,1
178,0
179,0
180,1
181,0
182,0
183,0
184,0
185,1
186,1
187,1
188,1
189,0
190,0
191,0
192,1
193,1
194,0
195,0
196,1
197,1
198,1
199,0
200,1
201,0
202,0
203,1
204,1
205,0
206,0
207,0
208,1
209,0
210,0
211,1
212,1
213,1
214,0
215,1
216,0
217,1
218,0
219,0
220,0
221,1
222,1
223,1
224,0
225,1
226,0
227,1
228,0
229,0
230,1
231,1
232,0
233,1
234,1
235,0
236,0
237,0
238,1
239,1
240,0
241,1
242,1
243,1
244,1
245,0
246,1
247,1
248,1
249,0
250,0
251,0
252,0
253,0
254,0
255,1
256,0
257,0
258,0
259,1
260,0
261,1
262,0
263,0
264,0
265,0
266,0
267,0
268,0
269,1
270,1
271,1
272,1
273,0
274,0
275,1
276,1
277,1
278,0
279,0
280,1
281,0
282,1
283,0
284,1
285,1
286,1
287,1
288,0
289,0
290,0
291,1
292,0
293,1
294,1
295,0
296,1
297,1
298,1
299,1
300,0
301,1
302,1
303,1
304,1
305,0
306,0
307,0
308,1
309,0
310,0
311,1
312,1
313,0
314,0
315,1
316,1
317,0
318,1
319,0
320,1
321,1
322,1
323,0
324,0
325,0
326,0
327,0
328,1
329,1
330,1
331,0
332,0
333,1
334,1
335,0
336,0
337,0
338,1
339,0
340,0
341,1
342,0
343,0
344,1
345,1
346,0
347,1
348,1
349,0
350,1
351,1
352,0
353,0
354,1
355,1
356,0
357,1
358,1
359,0
360,0
361,0
362,0
363,1
364,1
365,0
366,0
367,0
368,0
369,1
370,0
371,1
372,0
373,0
374,0
375,0
376,0
377,0
378,0
379,0
380,0
381,1
382,0
383,0
384,0
385,1
386,1
387,0
388,0
389,1
390,1
391,0
392,0
393,0
394,0
395,0
396,0
397,0
398,0
399,0
400,1
401,0
402,1
403,0
404,0
405,1
406,0
407,1
408,1
409,1
410,0
411,0
412,0
413,1
414,1
415,0
416,1
417,1
418,0
419,0
420,1
421,1
422,0
423,1
424,0
425,1
426,1
427,0
428,1
429,0
430,1
431,0
432,0
433,1
434,1
435,1
436,1
437,1
438,0
439,1
440,0
441,1
442,1
443,1
444,0
445,1
446,1
447,0
448,0
449,1
450,1
451,1
452,1
453,1
454,1
455,1
456,0
457,0
458,0
459,1
460,1
461,1
462,1
463,0
464,1
465,1
466,0
467,0
468,1
469,1
470,0
471,1
472,0
473,0
474,1
475,0
476,0
477,0
478,1
479,0
480,1
481,0
482,0
483,1
484,0
485,0
486,1
487,1
488,0
489,1
490,1
491,0
492,0
493,0
494,0
495,0
496,1
497,1
498,1
499,0
500,0
501,1
502,0
503,0
504,1
505,0
506,0
507,0
508,0
509,0
510,0
511,1
512,1
513,0
514,1
515,0
516,1
517,0
518,1
519,1
520,1
521,0
522,1
523,1
524,0
525,1
526,1
527,0
528,1
529,0
530,1
531,0
532,0
533,0
534,1
535,0
536,0
537,0
538,0
539,0
540,1
541,1
542,0
543,0
544,0
545,0
546,1
547,0
548,1
549,1
550,1
551,0
552,0
553,0
554,1
555,0
556,0
557,1
558,1
559,1
560,1
561,0
562,0
563,1
564,1
565,1
566,0
567,1
568,0
569,0
570,1
571,1
572,0
573,1
574,1
575,1
576,1
577,1
578,0
579,0
580,1
581,0
582,1
583,0
584,1
585,0
586,0
587,1
588,0
589,0
590,0
591,0
592,0
593,1
594,1
595,1
596,0
597,1
598,0
599,1
600,1
601,0
602,1
603,1
604,0
605,0
606,1
607,0
608,0
609,1
610,0
611,0
612,1
613,1
614,0
615,1
616,1
617,0
618,1
619,0
620,0
621,1
622,0
623,1
624,0
625,1
626,1
627,0
628,1
629,0
630,0
631,1
632,0
633,1
634,0
635,1
636,0
637,0
638,0
639,0
640,1
641,0
642,0
643,0
644,1
645,1
646,0
647,1
648,1
649,0
650,1
651,0
652,1
653,0
654,0
655,0
656,1
657,1
658,1
659,1
660,0
661,1
662,0
663,0
664,1
665,1
666,0
667,0
668,1
669,1
670,1
671,0
672,1
673,1
674,1
675,1
676,0
677,1
678,1
679,0
680,1
681,0
682,1
683,0
684,1
685,0
686,1
687,0
688,1
689,1
690,0
691,1
692,0
693,0
694,1
695,0
696,0
697,1
698,1
699,0
700,1
701,1
702,0
703,1
704,1
705,1
706,1
707,0
708,0
709,0
710,1
711,0
712,1
713,1
714,0
715,1
716,0
717,1
718,1
719,0
720,0
721,0
722,1
723,1
724,0
725,1
726,0
727,0
728,1
729,0
730,1
731,0
732,0
733,1
734,1
735,1
736,0
737,1
738,0
739,0
740,0
741,1
742,1
743,1
744,1
745,1
746,1
747,1
748,0
749,1
750,0
751,0
752,1
753,1
754,0
755,1
756,0
757,0
758,0
759,0
760,1
761,0
762,1
763,0
764,0
765,0
766,1
767,1
768,0
769,0
770,0
771,1
772,0
773,1
774,0
775,1
776,1
777,1
778,0
779,0
780,0
781,0
782,0
783,0
784,1
785,1
786,1
787,1
788,1
789,1
790,0
791,0
792,0
793,0
794,1
795,0
796,0
797,0
798,1
799,0
800,0
801,1
802,0
803,1
804,0
805,0
806,1
807,1
808,0
809,0
810,1
811,1
812,0
813,1
814,1
815,0
816,0
817,0
818,1
819,0
820,1
821,1
822,0
823,0
824,0
825,1
826,0
827,1
828,0
829,1
830,0
831,1
832,0
833,0
834,0
835,0
836,0
837,1
838,1
839,0
840,0
841,0
842,1
843,1
844,0
845,0
846,1
847,0
848,1
849,0
850,1
851,0
852,1
853,0
854,1
855,1
856,1
857,0
858,1
859,0
860,0
861,1
862,1
863,0
864,0
865,0
866,1
867,1
868,0
869,1
870,0
871,0
872,0
873,1
874,0
875,0
876,1
877,1
878,0
879,1
880,1
881,1
882,0
883,1
884,0
885,0
886,1
887,1
888,1
889,0
890,0
891,1
892,1
893,1
894,1
895,0
896,0
897,1
898,1
899,0
900,0
901,0
902,0
903,1
904,0
905,0
906,0
907,1
908,0
909,0
910,0
911,0
912,1
913,1
914,1
915,0
916,1
917,1
918,0
919,0
920,0
921,0
922,0
923,1
924,1
925,0
926,1
927,0
928,0
929,1
930,0
931,1
932,1
933,0
934,0
935,1
936,0
937,0
938,0
939,0
940,0
941,1
942,1
943,0
944,0
945,1
946,1
947,0
948,0
949,1
950,0
951,0
952,0
953,0
954,1
955,1
956,1
957,1
958,0
959,0
960,1
961,0
962,0
963,1
964,0
965,1
966,1
967,1
968,0
969,1
970,1
971,1
972,1
973,0
974,1
975,1
976,0
977,1
978,1
979,0
980,1
981,0
982,1
983,0
984,0
985,1
986,0
987,0
988,1
989,1
990,1
991,0
992,1
993,0
994,0
995,0
996,0
997,1
998,1
999,1
1000,1
1001,1
1002,1
1003,1
1004,1
1005,0
1006,0
1007,1
1008,1
1009,0
1010,0
1011,0
1012,0
1013,0
1014,1
1015,1
1016,1
1017,1
1018,1
1019,1
1020,1
1021,1
1022,0
1023,0
1024,1
1025,1
1026,0
1027,1
1028,0
1029,1
1030,0
1031,1
1032,1
1033,1
1034,1
1035,0
1036,0
1037,1
1038,0
1039,1
1040,0
1041,0
1042,1
1043,1
1044,0
1045,1
1046,0
1047,1
1048,0
1049,1
1050,1
1051,1
1052,1
1053,1
1054,1
1055,0
1056,1
1057,1
1058,1
1059,0
1060,1
1061,0
1062,1
1063,1
1064,1
1065,0
1066,1
1067,0
1068,0
1069,0
1070,1
1071,1
1072,0
1073,1
1074,0
1075,0
1076,0
1077,0
1078,1
1079,1
1080,1
1081,1
1082,1
1083,0
1084,0
1085,1
1086,1
1087,0
1088,1
1089,0
1090,1
1091,0
1092,0
1093,1
1094,1
1095,1
1096,0
1097,0
1098,1
1099,0
1100,0
1101,1
1102,0
1103,1
1104,0
1105,0
1106,0
1107,0
1108,1
1109,0
1110,1
1111,1
1112,1
1113,0
1114,1
1115,1
1116,1
1117,1
1118,0
1119,0
1120,0
1121,0
1122,0
1123,0
1124,1
1125,1
1126,1
1127,0
1128,1
1129,0
1130,1
1131,1
1132,0
1133,0
1134,1
1135,0
1136,0
1137,0
1138,0
1139,0
1140,0
1141,0
1142,1
1143,0
1144,1
1145,1
1146,1
1147,0
1148,1
1149,0
1150,1
1151,0
1152,0
1153,1
1154,1
1155,1
1156,1
1157,1
1158,0
1159,0
1160,0
1161,0
1162,0
1163,0
1164,1
1165,1
1166,1
1167,1
1168,0
1169,1
1170,1
1171,0
1172,0
1173,0
1174,0
1175,0
1176,0
1177,0
1178,0
1179,1
1180,1
1181,1
1182,0
1183,1
1184,0
1185,0
1186,0
1187,0
1188,1
1189,0
1190,0
1191,1
1192,1
1193,0
1194,0
1195,1
1196,0
1197,1
1198,0
1199,0
1200,1
1201,1
1202,0
1203,0
1204,1
1205,0
1206,0
1207,0
1208,0
1209,1
1210,1
1211,0
1212,1
1213,1
1214,1
1215,1
1216,1
1217,1
1218,1
1219,0
1220,1
1221,1
1222,1
1223,1
1224,1
1225,0
1226,1
1227,1
1228,0
1229,1
1230,0
1231,0
1232,1
1233,0
1234,0
1235,0
1236,0
1237,0
1238,0
1239,0
1240,0
1241,1
1242,0
1243,1
1244,1
1245,1
1246,0
1247,0
1248,0
1249,1
1250,1
1251,1
1252,0
1253,0
1254,1
1255,0
1256,0
1257,1
1258,0
1259,0
1260,1
1261,1
1262,1
1263,1
1264,0
1265,0
1266,0
1267,1
1268,1
1269,0
1270,0
1271,0
1272,1
1273,0
1274,0
1275,0
1276,0
1277,0
1278,1
1279,0
1280,0
1281,1
1282,1
1283,0
1284,0
1285,1
1286,0
1287,1
1288,1
1289,1
1290,0
1291,0
1292,0
1293,0
1294,1
1295,1
1296,0
1297,1
1298,0
1299,1
1300,0
1301,1
1302,1
1303,0
1304,1
1305,0
1306,1
1307,0
1308,0
1309,0
1310,0
1311,1
1312,0
1313,1
1314,1
1315,0
1316,0
1317,1
1318,1
1319,1
1320,0
1321,0
1322,1
1323,1
1324,1
1325,1
1326,1
1327,0
1328,1
1329,0
1330,1
1331,0
1332,1
1333,1
1334,1
1335,1
1336,1
1337,0
1338,1
1339,0
1340,0
1341,0
1342,0
1343,1
1344,1
1345,1
1346,1
1347,0
1348,1
1349,0
1350,0
1351,0
1352,0
1353,0
1354,0
1355,0
1356,0
1357,0
1358,0
1359,1
1360,0
1361,1
1362,1
1363,1
1364,0
1365,0
1366,0
1367,0
1368,1
1369,0
1370,1
1371,0
1372,1
1373,1
1374,0
1375,0
1376,0
1377,0
1378,0
1379,1
1380,1
1381,0
1382,0
1383,1
1384,1
1385,0
1386,0
1387,0
1388,1
1389,0
1390,1
1391,1
1392,0
1393,1
1394,1
1395,1
1396,1
1397,1
1398,1
1399,1
1400,1
1401,0
1402,0
1403,0
1404,0
1405,1
1406,1
1407,0
1408,0
1409,0
1410,0
1411,0
1412,1
1413,1
1414,1
1415,0
1416,0
1417,0
1418,0
1419,1
1420,0
1421,0
1422,1
1423,0
1424,0
1425,0
1426,1
1427,1
1428,1
1429,1
1430,0
1431,0
1432,1
1433,0
1434,1
1435,0
1436,1
1437,0
1438,0
1439,1
1440,1
1441,1
1442,0
1443,1
1444,1
1445,0
1446,1
1447,0
1448,0
1449,1
1450,1
1451,0
1452,0
1453,0
1454,0
1455,1
1456,0
1457,0
1458,0
1459,1
1460,0
1461,0
1462,1
1463,0
1464,0
1465,1
1466,1
1467,0
1468,0
1469,0
1470,0
1471,0
1472,0
1473,1
1474,1
1475,0
1476,0
1477,0
1478,0
1479,0
1480,1
1481,1
1482,0
1483,1
1484,0
1485,1
1486,0
1487,0
1488,1
1489,0
1490,1
1491,0
1492,1
1493,0
1494,0
1495,1
1496,1
1497,1
1498,0
1499,1
1500,0
1501,1
1502,1
1503,1
1504,1
1505,1
1506,0
1507,0
1508,1
1509,1
1510,0
1511,0
1512,0
1513,0
1514,1
1515,1
1516,1
1517,0
1518,0
1519,0
1520,1
1521,1
1522,0
1523,1
1524,0
1525,0
1526,0
1527,1
1528,1
1529,0
1530,1
1531,1
1532,0
1533,1
1534,1
1535,1
1536,0
1537,1
1538,1
1539,1
1540,1
1541,1
1542,1
1543,1
1544,1
1545,1
1546,0
1547,0
1548,0
1549,0
1550,1
1551,0
1552,0
1553,1
1554,1
1555,1
1556,0
1557,1
1558,0
1559,0
1560,0
1561,1
1562,0
1563,1
1564,0
1565,1
1566,1
1567,0
1568,1
1569,0
1570,0
1571,0
1572,1
1573,1
1574,0
1575,1
1576,0
1577,1
1578,0
1579,1
1580,0
1581,1
1582,1
1583,1
1584,1
1585,0
1586,0
1587,0
1588,1
1589,0
1590,0
1591,1
1592,0
1593,0
1594,0
1595,1
1596,0
1597,1
1598,1
1599,1
1600,1
1601,0
1602,0
1603,1
1604,0
1605,0
1606,1
1607,0
1608,0
1609,0
1610,1
1611,0
1612,0
1613,0
1614,1
1615,1
1616,0
1617,1
1618,1
1619,1
1620,1
1621,0
1622,1
1623,0
1624,0
1625,0
1626,0
1627,0
1628,1
1629,1
1630,0
1631,0
1632,1
1633,1
1634,1
1635,0
1636,0
1637,0
1638,1
1639,1
1640,1
1641,1
1642,1
1643,1
1644,1
1645,0
1646,1
1647,1
1648,1
1649,0
1650,1
1651,1
1652,1
1653,0
1654,0
1655,0
1656,0
1657,0
1658,1
1659,1
1660,0
1661,0
1662,1
1663,0
1664,0
1665,1
1666,0
1667,0
1668,0
1669,0
1670,1
1671,0
1672,1
1673,1
1674,1
1675,1
1676,1
1677,1
1678,0
1679,0
1680,0
1681,0
1682,0
1683,1
1684,0
1685,0
1686,1
1687,1
1688,0
1689,0
1690,0
1691,0
1692,0
1693,0
1694,1
1695,1
1696,0
1697,0
1698,0
1699,0
1700,1
1701,1
1702,1
1703,0
1704,1
1705,0
1706,1
1707,0
1708,1
1709,1
1710,0
1711,0
1712,1
1713,1
1714,1
1715,1
1716,0
1717,0
1718,1
1719,1
1720,0
1721,1
1722,0
1723,0
1724,0
1725,1
1726,0
1727,1
1728,1
1729,1
1730,0
1731,1
1732,1
1733,0
1734,1
1735,0
1736,0
1737,1
1738,0
1739,0
1740,0
1741,0
1742,0
1743,0
1744,0
1745,1
1746,0
1747,1
1748,0
1749,1
1750,1
1751,0
1752,1
1753,1
1754,0
1755,1
1756,1
1757,1
1758,1
1759,1
1760,0
1761,0
1762,1
1763,0
1764,1
1765,0
1766,0
1767,0
1768,1
1769,1
1770,0
1771,1
1772,0
1773,0
1774,0
1775,1
1776,1
1777,1
1778,1
1779,0
1780,1
1781,1
1782,1
1783,1
1784,1
1785,1
1786,0
1787,1
1788,0
1789,0
1790,1
1791,0
1792,0
1793,1
1794,1
1795,0
1796,1
1797,1
1798,1
1799,0
1800,0
1801,1
1802,1
1803,1
1804,0
1805,0
1806,1
1807,1
1808,0
1809,0
1810,1
1811,1
1812,1
1813,1
1814,0
1815,1
1816,1
1817,1
1818,1
1819,0
1820,0
1821,1
1822,1
1823,0
1824,0
1825,0
1826,0
1827,1
1828,1
1829,0
1830,1
1831,0
1832,1
1833,1
1834,0
1835,1
1836,1
1837,0
1838,0
1839,1
1840,1
1841,0
1842,0
1843,1
1844,1
1845,1
1846,1
1847,0
1848,1
1849,0
1850,1
1851,0
1852,0
1853,0
1854,1
1855,0
1856,1
1857,0
1858,1
1859,0
1860,0
1861,1
1862,0
1863,0
1864,1
1865,0
1866,1
1867,1
1868,0
1869,0
1870,1
1871,1
1872,1
1873,0
1874,1
1875,1
1876,0
1877,0
1878,0
1879,1
1880,0
1881,1
1882,0
1883,0
1884,0
1885,1
1886,1
1887,0
1888,0
1889,0
1890,0
1891,1
1892,1
1893,0
1894,0
1895,1
1896,1
1897,0
1898,0
1899,0
1900,1
1901,1
1902,0
1903,0
1904,1
1905,1
1906,0
1907,0
1908,1
1909,1
1910,0
1911,0
1912,0
